,station_name,start station latitude,start station longitude,latlng,neighborhood,postal_code,state,sublocality
0,Bank St & Hudson St,40.73652889,-74.00618026,"40.73652889,-74.00618026",West Village,10014,NY,Manhattan
1,E 59 St & Sutton Pl,40.75849116,-73.95920622,"40.75849116,-73.95920622",Sutton Place,10022,NY,Manhattan
2,E 37 St & Lexington Ave,40.748238,-73.978311,"40.748238,-73.978311",Murray Hill,10016,NY,Manhattan
3,9 Ave & W 14 St,40.7405826,-74.00550867,"40.7405826,-74.00550867",Meatpacking District,10014,NY,Manhattan
4,Broadway & W 53 St,40.76344058,-73.98268129,"40.76344058,-73.98268129",Midtown West,10019,NY,Manhattan
5,E 11 St & 1 Ave,40.72953837,-73.98426726,"40.72953837,-73.98426726",Ukrainian Village,10003,NY,Manhattan
6,Broadway & W 60 St,40.76915505,-73.98191841,"40.76915505,-73.98191841",Lincoln Square,10023,NY,Manhattan
7,Clark St & Henry St,40.69760127,-73.99344559,"40.69760127,-73.99344559",Brooklyn Heights,11201,NY,Brooklyn
8,E 7 St & Avenue A,40.72621788,-73.98379855,"40.72621788,-73.98379855",Ukrainian Village,10009,NY,Manhattan
9,Washington Park,40.69178232,-73.97372989,"40.69178232,-73.97372989",Fort Greene,11201,NY,Brooklyn
10,Fulton St & William St,40.70955958,-74.00653609,"40.70955958,-74.00653609",Financial District,10038,NY,Manhattan
11,E 25 St & 1 Ave,40.7381765,-73.97738662,"40.7381765,-73.97738662",Kips Bay,10016,NY,Manhattan
12,W 17 St & 8 Ave,40.74177603,-74.00149746,"40.74177603,-74.00149746",Chelsea,10011,NY,Manhattan
13,Gallatin Pl & Livingston St,40.69028437,-73.98707105,"40.69028437,-73.98707105",Downtown Brooklyn,11201,NY,Brooklyn
14,E 3 St & 1 Ave,40.72467721,-73.98783413,"40.72467721,-73.98783413",Ukrainian Village,10003,NY,Manhattan
15,FDR Drive & E 35 St,40.744219,-73.97121214,"40.744219,-73.97121214",Midtown,10016,NY,Manhattan
16,E 48 St & 3 Ave,40.7546011026,-73.971878855,"40.7546011026,-73.971878855",Midtown East,10017,NY,Manhattan
17,W 37 St & 10 Ave,40.75660359,-73.9979009,"40.75660359,-73.9979009",Hell's Kitchen,10018,NY,Manhattan
18,Lexington Ave & E 24 St,40.74025878,-73.98409214,"40.74025878,-73.98409214",Kips Bay,10010,NY,Manhattan
19,Broadway & W 36 St,40.75097711,-73.98765428,"40.75097711,-73.98765428",Garment District,10018,NY,Manhattan
20,W 56 St & 6 Ave,40.76340613,-73.97722479,"40.76340613,-73.97722479",Midtown West,10019,NY,Manhattan
21,Washington Pl & Broadway,40.72903917,-73.99404649,"40.72903917,-73.99404649",Greenwich Village,10003,NY,Manhattan
22,6 Ave & Broome St,40.724399,-74.004704,"40.724399,-74.004704",Hudson Square,10013,NY,Manhattan
23,Allen St & Hester St,40.71605866,-73.99190759,"40.71605866,-73.99190759",Chinatown,10002,NY,Manhattan
24,W 43 St & 10 Ave,40.76009437,-73.99461843,"40.76009437,-73.99461843",Hell's Kitchen,10036,NY,Manhattan
25,Lexington Ave & Classon Ave,40.68676793,-73.95928168,"40.68676793,-73.95928168",Bedford-Stuyvesant,11238,NY,Brooklyn
26,Fulton St & Clermont Ave,40.68415748,-73.96922273,"40.68415748,-73.96922273",Fort Greene,11238,NY,Brooklyn
27,E 2 St & Avenue B,40.72217444,-73.98368779,"40.72217444,-73.98368779",Alphabet City,10009,NY,Manhattan
28,Adelphi St & Myrtle Ave,40.69308257,-73.97178913,"40.69308257,-73.97178913",Fort Greene,11205,NY,Brooklyn
29,MacDougal St & Prince St,40.72710258,-74.00297088,"40.72710258,-74.00297088",SoHo,10014,NY,Manhattan
30,Fulton St & Waverly Ave,40.68317813,-73.9659641,"40.68317813,-73.9659641",Clinton Hill,11238,NY,Brooklyn
31,Clinton St & Joralemon St,40.69239502,-73.99337909,"40.69239502,-73.99337909",Brooklyn Heights,11201,NY,Brooklyn
32,Washington Ave & Greene Ave,40.68650065,-73.96563307,"40.68650065,-73.96563307",Clinton Hill,11238,NY,Brooklyn
33,Central Park S & 6 Ave,40.76590936,-73.97634151,"40.76590936,-73.97634151",Central Park,10019,NY,Manhattan
34,Franklin Ave & Myrtle Ave,40.694528000000005,-73.958089,"40.694528,-73.958089",Bedford-Stuyvesant,11205,NY,Brooklyn
35,Atlantic Ave & Fort Greene Pl,40.68382604,-73.97632328,"40.68382604,-73.97632328",Fort Greene,11217,NY,Brooklyn
36,W 39 St & 9 Ave,40.75645824,-73.99372222,"40.75645824,-73.99372222",Garment District,10018,NY,Manhattan
37,S 3 St & Bedford Ave,40.71260486,-73.96264403,"40.71260486,-73.96264403",Williamsburg,11249,NY,Brooklyn
38,Maiden Ln & Pearl St,40.70706456,-74.00731853,"40.70706456,-74.00731853",Financial District,10038,NY,Manhattan
39,Emerson Pl & Myrtle Ave,40.69363137,-73.96223558,"40.69363137,-73.96223558",Clinton Hill,11205,NY,Brooklyn
40,South St & Whitehall St,40.70122128,-74.01234218,"40.70122128,-74.01234218",Financial District,10004,NY,Manhattan
41,Johnson St & Gold St,40.69474881,-73.98362464,"40.69474881,-73.98362464",Downtown Brooklyn,11201,NY,Brooklyn
42,Concord St & Bridge St,40.69766564,-73.98476437,"40.69766564,-73.98476437",Downtown Brooklyn,11201,NY,Brooklyn
43,Lafayette Ave & Classon Ave,40.68900443,-73.96023854,"40.68900443,-73.96023854",Clinton Hill,11205,NY,Brooklyn
44,DeKalb Ave & Hudson Ave,40.689888,-73.981013,"40.689888,-73.981013",Fort Greene,11201,NY,Brooklyn
45,Hudson St & Reade St,40.71625008,-74.0091059,"40.71625008,-74.0091059",Tribeca,10013,NY,Manhattan
46,W 54 St & 9 Ave,40.76584941,-73.98690506,"40.76584941,-73.98690506",Hell's Kitchen,10019,NY,Manhattan
47,MacDougal St & Washington Sq,40.73226398,-73.99852205,"40.73226398,-73.99852205",Greenwich Village,10011,NY,Manhattan
48,Greenwich St & Warren St,40.71542197,-74.01121978,"40.71542197,-74.01121978",Tribeca,10007,NY,Manhattan
49,Liberty St & Broadway,40.70905623,-74.01043382,"40.70905623,-74.01043382",Financial District,10005,NY,Manhattan
50,Broadway & W 41 St,40.75513557,-73.98658032,"40.75513557,-73.98658032",Theater District,10036,NY,Manhattan
51,Broadway & W 29 St,40.7462009,-73.98855723,"40.7462009,-73.98855723",NoMad,10001,NY,Manhattan
52,E 16 St & 5 Ave,40.73726186,-73.99238967,"40.73726186,-73.99238967",Union Square,10003,NY,Manhattan
53,Hicks St & Montague St,40.69512845,-73.99595065,"40.69512845,-73.99595065",Brooklyn Heights,11201,NY,Brooklyn
54,Mott St & Prince St,40.72317958,-73.99480012,"40.72317958,-73.99480012",Nolita,10012,NY,Manhattan
55,Water - Whitehall Plaza,40.70255065,-74.0127234,"40.70255065,-74.0127234",Financial District,10004,NY,Manhattan
56,Avenue D & E 3 St,40.72082834,-73.97793172,"40.72082834,-73.97793172",East Village,10009,NY,Manhattan
57,Lefferts Pl & Franklin Ave,40.680342423,-73.9557689392,"40.680342423,-73.9557689392",Bedford-Stuyvesant,11238,NY,Brooklyn
58,E 33 St & 5 Ave,40.74765947,-73.98490707,"40.74765947,-73.98490707",Midtown,10016,NY,Manhattan
59,W 4 St & 7 Ave S,40.73401143,-74.00293877,"40.73401143,-74.00293877",West Village,10014,NY,Manhattan
60,Cherry St,40.71219906,-73.97948148,"40.71219906,-73.97948148",Lower East Side,10002,NY,Manhattan
61,E 56 St & 3 Ave,40.75934501,-73.96759673,"40.75934501,-73.96759673",Midtown East,10022,NY,Manhattan
62,Christopher St & Greenwich St,40.73291553,-74.00711384,"40.73291553,-74.00711384",West Village,10014,NY,Manhattan
63,E 43 St & 2 Ave,40.75022392,-73.97121414,"40.75022392,-73.97121414",Tudor City,10017,NY,Manhattan
64,E 11 St & Broadway,40.73261787,-73.99158043,"40.73261787,-73.99158043",Greenwich Village,10003,NY,Manhattan
65,E 55 St & 2 Ave,40.75797322,-73.96603308,"40.75797322,-73.96603308",Midtown East,10022,NY,Manhattan
66,Rivington St & Ridge St,40.71850211,-73.98329859,"40.71850211,-73.98329859",Lower East Side,10002,NY,Manhattan
67,8 Ave & W 33 St,40.751551,-73.993934,"40.751551,-73.993934",Chelsea,10001,NY,Manhattan
68,Broadway & Battery Pl,40.70463334,-74.01361706,"40.70463334,-74.01361706",Financial District,10004,NY,Manhattan
69,1 Ave & E 30 St,40.74144387,-73.97536082,"40.74144387,-73.97536082",Kips Bay,10016,NY,Manhattan
70,E 11 St & 2 Ave,40.73047309,-73.98672378,"40.73047309,-73.98672378",Ukrainian Village,10003,NY,Manhattan
71,Fulton St & Grand Ave,40.68223166,-73.9614583,"40.68223166,-73.9614583",Clinton Hill,11238,NY,Brooklyn
72,1 Ave & E 15 St,40.73221853,-73.98165557,"40.73221853,-73.98165557",Stuyvesant Town,10009,NY,Manhattan
73,Forsyth St & Canal St,40.715815500000005,-73.99422366,"40.7158155,-73.99422366",Chinatown,10002,NY,Manhattan
74,E 6 St & Avenue D,40.72228087,-73.97668709,"40.72228087,-73.97668709",East Village,10009,NY,Manhattan
75,Spruce St & Nassau St,40.71146364,-74.00552427,"40.71146364,-74.00552427",Financial District,10038,NY,Manhattan
76,Centre St & Chambers St,40.71273266,-74.0046073,"40.71273266,-74.0046073",Civic Center,10007,NY,Manhattan
77,Hancock St & Bedford Ave,40.68216564,-73.95399026,"40.68216564,-73.95399026",Bedford-Stuyvesant,11216,NY,Brooklyn
78,Harrison St & Hudson St,40.71870987,-74.0090009,"40.71870987,-74.0090009",Tribeca,10013,NY,Manhattan
79,W 52 St & 9 Ave,40.76461837,-73.98789473,"40.76461837,-73.98789473",Hell's Kitchen,10019,NY,Manhattan
80,Grand St & Havemeyer St,40.71286844,-73.95698119,"40.71286844,-73.95698119",Williamsburg,11211,NY,Brooklyn
81,Macon St & Nostrand Ave,40.6809833854,-73.9500479759,"40.6809833854,-73.9500479759",Bedford-Stuyvesant,11216,NY,Brooklyn
82,E 20 St & 2 Ave,40.73587678,-73.98205027,"40.73587678,-73.98205027",Gramercy Park,10003,NY,Manhattan
83,S Portland Ave & Hanson Pl,40.68539567,-73.97431458,"40.68539567,-73.97431458",Fort Greene,11217,NY,Brooklyn
84,Bayard St & Baxter St,40.71602118,-73.99974372,"40.71602118,-73.99974372",Chinatown,10013,NY,Manhattan
85,Greenwich St & N Moore St,40.72043411,-74.01020609,"40.72043411,-74.01020609",Tribeca,10013,NY,Manhattan
86,Cadman Plaza E & Red Cross Pl,40.69991755,-73.98971773,"40.69991755,-73.98971773",Downtown Brooklyn,11201,NY,Brooklyn
87,State St & Smith St,40.68926942,-73.98912867,"40.68926942,-73.98912867",Boerum Hill,11201,NY,Brooklyn
88,E 31 St & 3 Ave,40.74394314,-73.97966069,"40.74394314,-73.97966069",Kips Bay,10016,NY,Manhattan
89,Forsyth St & Broome St,40.71893904,-73.99266288,"40.71893904,-73.99266288",Bowery,10002,NY,Manhattan
90,Bedford Ave & S 9th St,40.70853074,-73.96408963,"40.70853074,-73.96408963",Williamsburg,11211,NY,Brooklyn
91,11 Ave & W 41 St,40.76030096,-73.99884222,"40.76030096,-73.99884222",Hell's Kitchen,10036,NY,Manhattan
92,Franklin St & W Broadway,40.71911552,-74.00666661,"40.71911552,-74.00666661",Tribeca,10013,NY,Manhattan
93,Henry St & Atlantic Ave,40.69089272,-73.99612349,"40.69089272,-73.99612349",Brooklyn Heights,11201,NY,Brooklyn
94,Broadway & Berry St,40.71044554,-73.96525063,"40.71044554,-73.96525063",Williamsburg,11249,NY,Brooklyn
95,Stanton St & Mangin St,40.71782143,-73.97628939,"40.71782143,-73.97628939",Lower East Side,10002,NY,Manhattan
96,E 52 St & 2 Ave,40.756014,-73.967416,"40.756014,-73.967416",Midtown East,10022,NY,Manhattan
97,DeKalb Ave & Vanderbilt Ave,40.68940747,-73.96885458,"40.68940747,-73.96885458",Clinton Hill,11205,NY,Brooklyn
98,Sands St & Gold St,40.69986937,-73.98271933,"40.69986937,-73.98271933",Brooklyn Navy Yard,11201,NY,Brooklyn
99,Perry St & Bleecker St,40.73535398,-74.00483091,"40.73535398,-74.00483091",West Village,10014,NY,Manhattan
100,Barrow St & Hudson St,40.73172428,-74.00674436,"40.73172428,-74.00674436",West Village,10014,NY,Manhattan
101,W Houston St & Hudson St,40.72873888,-74.00748842,"40.72873888,-74.00748842",Hudson Square,10014,NY,Manhattan
102,Old Slip & Front St,40.703799200000006,-74.00838676,"40.7037992,-74.00838676",Financial District,10004,NY,Manhattan
103,E 56 St & Madison Ave,40.761628,-73.972924,"40.761628,-73.972924",Midtown East,10022,NY,Manhattan
104,Monroe St & Bedford Ave,40.6851443,-73.95380904,"40.6851443,-73.95380904",Bedford-Stuyvesant,11216,NY,Brooklyn
105,Broadway & E 14 St,40.73454567,-73.99074142,"40.73454567,-73.99074142",Lower Manhattan,10003,NY,Manhattan
106,Greenwich Ave & Charles St,40.735238,-74.000271,"40.735238,-74.000271",West Village,10011,NY,Manhattan
107,W 29 St & 9 Ave,40.750072700000004,-73.99839279,"40.7500727,-73.99839279",Chelsea,10001,NY,Manhattan
108,12 Ave & W 40 St,40.76087502,-74.00277668,"40.76087502,-74.00277668",Midtown,10018,NY,Manhattan
109,Bond St & Schermerhorn St,40.68807003,-73.98410637,"40.68807003,-73.98410637",Boerum Hill,11217,NY,Brooklyn
110,Market St & Cherry St,40.71076228,-73.99400398,"40.71076228,-73.99400398",Two Bridges,10002,NY,Manhattan
111,South End Ave & Liberty St,40.711512,-74.01575600000001,"40.711512,-74.015756",Battery Park City,10006,NY,Manhattan
112,Elizabeth St & Hester St,40.717290000000006,-73.996375,"40.71729,-73.996375",Chinatown,10013,NY,Manhattan
113,W 24 St & 7 Ave,40.74487634,-73.99529885,"40.74487634,-73.99529885",Chelsea,10001,NY,Manhattan
114,9 Ave & W 18 St,40.74317449,-74.00366443,"40.74317449,-74.00366443",Chelsea,10011,NY,Manhattan
115,Allen St & E Houston St,40.722055,-73.989111,"40.722055,-73.989111",Lower East Side,10002,NY,Manhattan
116,E 10 St & 5 Ave,40.73331967,-73.99510132,"40.73331967,-73.99510132",Greenwich Village,10003,NY,Manhattan
117,York St & Jay St,40.7014851,-73.98656928,"40.7014851,-73.98656928",Dumbo,11201,NY,Brooklyn
118,Murray St & West St,40.7149787,-74.013012,"40.7149787,-74.013012",Tribeca,10007,NY,Manhattan
119,E 47 St & 2 Ave,40.75323098,-73.97032517,"40.75323098,-73.97032517",Midtown East,10017,NY,Manhattan
120,W 14 St & The High Line,40.74195138,-74.00803013,"40.74195138,-74.00803013",Meatpacking District,10014,NY,Manhattan
121,West Thames St,40.70834698,-74.01713445,"40.70834698,-74.01713445",Battery Park City,10280,NY,Manhattan
122,Carlton Ave & Park Ave,40.69580705,-73.97355569,"40.69580705,-73.97355569",Fort Greene,11205,NY,Brooklyn
123,W 22 St & 10 Ave,40.74691959,-74.00451887,"40.74691959,-74.00451887",Chelsea,10011,NY,Manhattan
124,Flushing Ave & Carlton Ave,40.69788349,-73.97350332,"40.69788349,-73.97350332",Brooklyn Navy Yard,11205,NY,Brooklyn
125,Centre St & Worth St,40.71494807,-74.00234482,"40.71494807,-74.00234482",Civic Center,10007,NY,Manhattan
126,Broadway & W 58 St,40.76695317,-73.98169333,"40.76695317,-73.98169333",Midtown West,10019,NY,Manhattan
127,Pike St & Monroe St,40.71173107,-73.99193043,"40.71173107,-73.99193043",Two Bridges,10002,NY,Manhattan
128,E 53 St & Lexington Ave,40.75828065,-73.97069431,"40.75828065,-73.97069431",Midtown East,10022,NY,Manhattan
129,Old Fulton St,40.70277159,-73.99383605,"40.70277159,-73.99383605",Fulton Ferry District,11201,NY,Brooklyn
130,E 9 St & Avenue C,40.72521311,-73.97768752,"40.72521311,-73.97768752",Alphabet City,10009,NY,Manhattan
131,Duffield St & Willoughby St,40.69221589,-73.9842844,"40.69221589,-73.9842844",Downtown Brooklyn,11201,NY,Brooklyn
132,11 Ave & W 27 St,40.751396,-74.00522600000001,"40.751396,-74.005226",Chelsea,10001,NY,Manhattan
133,E 40 St & 5 Ave,40.752062306999996,-73.9816324043,"40.752062307,-73.9816324043",Midtown,10016,NY,Manhattan
134,W 53 St & 10 Ave,40.76669671,-73.99061728,"40.76669671,-73.99061728",Hell's Kitchen,10019,NY,Manhattan
135,W 51 St & 6 Ave,40.7606597,-73.98042047,"40.7606597,-73.98042047",Theater District,10020,NY,Manhattan
136,W 37 St & 5 Ave,40.75038009,-73.98338988,"40.75038009,-73.98338988",Midtown West,10018,NY,Manhattan
137,Atlantic Ave & Furman St,40.69165183,-73.99997859999999,"40.69165183,-73.9999786",Columbia Street Waterfront District,11201,NY,Brooklyn
138,S 4 St & Wythe Ave,40.71285887,-73.96590294,"40.71285887,-73.96590294",Williamsburg,11249,NY,Brooklyn
139,DeKalb Ave & S Portland Ave,40.68981035,-73.97493121,"40.68981035,-73.97493121",Fort Greene,11201,NY,Brooklyn
140,E 14 St & Avenue B,40.72938685,-73.97772429,"40.72938685,-73.97772429",Stuyvesant Town,10009,NY,Manhattan
141,Broadway & W 37 St,40.75172632,-73.98753523,"40.75172632,-73.98753523",Garment District,10018,NY,Manhattan
142,Rivington St & Chrystie St,40.72110063,-73.99192540000001,"40.72110063,-73.9919254",Bowery,10002,NY,Manhattan
143,E 55 St & Lexington Ave,40.75968085,-73.97031366,"40.75968085,-73.97031366",Midtown East,10022,NY,Manhattan
144,Ashland Pl & Hanson Pl,40.68528172,-73.97805813,"40.68528172,-73.97805813",Fort Greene,11217,NY,Brooklyn
145,Myrtle Ave & St Edwards St,40.69327018,-73.97703874,"40.69327018,-73.97703874",Fort Greene,11201,NY,Brooklyn
146,Willoughby Ave & Hall St,40.69196035,-73.96536851,"40.69196035,-73.96536851",Clinton Hill,11205,NY,Brooklyn
147,W 13 St & 5 Ave,40.73543934,-73.99453948,"40.73543934,-73.99453948",Greenwich Village,10011,NY,Manhattan
148,Watts St & Greenwich St,40.72405549,-74.00965965,"40.72405549,-74.00965965",Tribeca,10013,NY,Manhattan
149,E 17 St & Broadway,40.73704984,-73.99009296,"40.73704984,-73.99009296",Union Square,10003,NY,Manhattan
150,9 Ave & W 16 St,40.74206539,-74.00443172,"40.74206539,-74.00443172",Chelsea,10011,NY,Manhattan
151,E 5 St & Avenue C,40.72299208,-73.97995466,"40.72299208,-73.97995466",Alphabet City,10009,NY,Manhattan
152,W 47 St & 10 Ave,40.76269882,-73.99301222,"40.76269882,-73.99301222",Hell's Kitchen,10036,NY,Manhattan
153,St James Pl & Pearl St,40.71117416,-74.00016545,"40.71117416,-74.00016545",Two Bridges,10038,NY,Manhattan
154,E 12 St & 3 Ave,40.73223272,-73.98889957,"40.73223272,-73.98889957",East Village,10003,NY,Manhattan
155,E 45 St & 3 Ave,40.75255434,-73.97282625,"40.75255434,-73.97282625",Midtown East,10017,NY,Manhattan
156,Pike St & E Broadway,40.71406667,-73.99293911,"40.71406667,-73.99293911",Chinatown,10002,NY,Manhattan
157,W 59 St & 10 Ave,40.770513,-73.988038,"40.770513,-73.988038",Lincoln Square,10019,NY,Manhattan
158,Cliff St & Fulton St,40.70823502,-74.00530063,"40.70823502,-74.00530063",Financial District,10038,NY,Manhattan
159,William St & Pine St,40.70717936,-74.00887308,"40.70717936,-74.00887308",Financial District,10005,NY,Manhattan
160,Henry St & Poplar St,40.700469,-73.991454,"40.700469,-73.991454",Brooklyn Heights,11201,NY,Brooklyn
161,E 27 St & 1 Ave,40.739445,-73.97680600000001,"40.739445,-73.976806",Kips Bay,10016,NY,Manhattan
162,Vesey Pl & River Terrace,40.715337899999994,-74.01658354,"40.7153379,-74.01658354",Battery Park City,10282,NY,Manhattan
163,Broadway & E 22 St,40.740343200000005,-73.98955109,"40.7403432,-73.98955109",Flatiron District,10010,NY,Manhattan
164,Monroe St & Classon Ave,40.684568299999995,-73.95881081,"40.6845683,-73.95881081",Bedford-Stuyvesant,11238,NY,Brooklyn
165,Mercer St & Bleecker St,40.72679454,-73.99695094,"40.72679454,-73.99695094",Greenwich Village,10012,NY,Manhattan
166,Grand St & Greene St,40.72165481,-74.00234737,"40.72165481,-74.00234737",SoHo,10013,NY,Manhattan
167,9 Ave & W 22 St,40.7454973,-74.00197139,"40.7454973,-74.00197139",Chelsea,10011,NY,Manhattan
168,E 33 St & 1 Ave,40.74315566,-73.97434726,"40.74315566,-73.97434726",Kips Bay,10016,NY,Manhattan
169,Willoughby St & Fleet St,40.69196566,-73.9813018,"40.69196566,-73.9813018",Downtown Brooklyn,11201,NY,Brooklyn
170,9 Ave & W 45 St,40.76019252,-73.9912551,"40.76019252,-73.9912551",Hell's Kitchen,10036,NY,Manhattan
171,S 5 Pl & S 4 St,40.710451,-73.960876,"40.710451,-73.960876",Williamsburg,11211,NY,Brooklyn
172,Shevchenko Pl & E 6 St,40.728145,-73.990214,"40.728145,-73.990214",Ukrainian Village,10003,NY,Manhattan
173,Carmine St & 6 Ave,40.73038599,-74.00214988,"40.73038599,-74.00214988",West Village,10014,NY,Manhattan
174,W 13 St & 7 Ave,40.73781509,-73.99994661,"40.73781509,-73.99994661",West Village,10011,NY,Manhattan
175,W 16 St & The High Line,40.74334935,-74.00681753,"40.74334935,-74.00681753",Chelsea,10011,NY,Manhattan
176,Columbia Heights & Cranberry St,40.70037867,-73.99548059,"40.70037867,-73.99548059",Brooklyn Heights,11201,NY,Brooklyn
177,W 41 St & 8 Ave,40.75640548,-73.9900262,"40.75640548,-73.9900262",Theater District,10018,NY,Manhattan
178,Lispenard St & Broadway,40.71939226,-74.00247214,"40.71939226,-74.00247214",Tribeca,10013,NY,Manhattan
179,Clinton Ave & Myrtle Ave,40.693261,-73.968896,"40.693261,-73.968896",Clinton Hill,11205,NY,Brooklyn
180,E 2 St & Avenue C,40.720873600000004,-73.98085795,"40.7208736,-73.98085795",Alphabet City,10009,NY,Manhattan
181,Lafayette Ave & Fort Greene Pl,40.68691865,-73.976682,"40.68691865,-73.976682",Fort Greene,11217,NY,Brooklyn
182,W 25 St & 6 Ave,40.74395411,-73.99144871,"40.74395411,-73.99144871",Flatiron District,10010,NY,Manhattan
183,Sullivan St & Washington Sq,40.73047747,-73.99906065,"40.73047747,-73.99906065",Greenwich Village,10012,NY,Manhattan
184,Mercer St & Spring St,40.72362738,-73.99949601,"40.72362738,-73.99949601",SoHo,10012,NY,Manhattan
185,Pershing Square N,40.75188406,-73.97770164,"40.75188406,-73.97770164",Murray Hill,10168,NY,Manhattan
186,W 27 St & 7 Ave,40.746646999999996,-73.993915,"40.746647,-73.993915",Chelsea,10001,NY,Manhattan
187,Metropolitan Ave & Bedford Ave,40.71534825,-73.96024116,"40.71534825,-73.96024116",Williamsburg,11211,NY,Brooklyn
188,Norfolk St & Broome St,40.7172274,-73.98802084,"40.7172274,-73.98802084",Lower East Side,10002,NY,Manhattan
189,E 20 St & FDR Drive,40.73314259,-73.97573881,"40.73314259,-73.97573881",Stuyvesant Town,10009,NY,Manhattan
190,Park Ave & St Edwards St,40.69608941,-73.97803415,"40.69608941,-73.97803415",Fort Greene,11205,NY,Brooklyn
191,University Pl & E 14 St,40.73492695,-73.99200509,"40.73492695,-73.99200509",Greenwich Village,10003,NY,Manhattan
192,Clermont Ave & Lafayette Ave,40.68764484,-73.96968902,"40.68764484,-73.96968902",Fort Greene,11238,NY,Brooklyn
193,W 18 St & 6 Ave,40.73971301,-73.99456405,"40.73971301,-73.99456405",Midtown,10011,NY,Manhattan
194,Railroad Ave & Kay Ave,40.70531194,-73.97100056,"40.70531194,-73.97100056",Brooklyn Navy Yard,11249,NY,Brooklyn
195,Stanton St & Chrystie St,40.72229346,-73.99147535,"40.72229346,-73.99147535",Bowery,10002,NY,Manhattan
196,LaGuardia Pl & W 3 St,40.72917025,-73.99810231,"40.72917025,-73.99810231",Greenwich Village,10012,NY,Manhattan
197,Reade St & Broadway,40.71450451,-74.00562789,"40.71450451,-74.00562789",Civic Center,10007,NY,Manhattan
198,E 51 St & 1 Ave,40.75455731,-73.96592976,"40.75455731,-73.96592976",Midtown East,10022,NY,Manhattan
199,Pitt St & Stanton St,40.71926081,-73.98178024,"40.71926081,-73.98178024",Lower East Side,10002,NY,Manhattan
200,Jay St & Tech Pl,40.695065,-73.987167,"40.695065,-73.987167",Downtown Brooklyn,11201,NY,Brooklyn
201,DeKalb Ave & Skillman St,40.6906495,-73.95643107,"40.6906495,-73.95643107",Bedford-Stuyvesant,11205,NY,Brooklyn
202,Pearl St & Anchorage Pl,40.70281858,-73.98765762,"40.70281858,-73.98765762",Dumbo,11201,NY,Brooklyn
203,E 53 St & Madison Ave,40.75971079999999,-73.97402311,"40.7597108,-73.97402311",Midtown East,10022,NY,Manhattan
204,Lawrence St & Willoughby St,40.69236178,-73.98631746,"40.69236178,-73.98631746",Downtown Brooklyn,11201,NY,Brooklyn
205,Lafayette Ave & St James Pl,40.68851534,-73.9647628,"40.68851534,-73.9647628",Clinton Hill,11205,NY,Brooklyn
206,State St,40.70251526,-74.01427023,"40.70251526,-74.01427023",Lower Manhattan,10004,NY,Manhattan
207,Clermont Ave & Park Ave,40.69573398,-73.97129668,"40.69573398,-73.97129668",Fort Greene,11205,NY,Brooklyn
208,W 56 St & 10 Ave,40.768254,-73.988639,"40.768254,-73.988639",Hell's Kitchen,10019,NY,Manhattan
209,W 22 St & 8 Ave,40.74475148,-73.99915362,"40.74475148,-73.99915362",Chelsea,10011,NY,Manhattan
210,W 21 St & 6 Ave,40.74173969,-73.99415556,"40.74173969,-73.99415556",Chelsea,10011,NY,Manhattan
211,1 Ave & E 18 St,40.73416059,-73.98024289,"40.73416059,-73.98024289",Stuyvesant Town,10009,NY,Manhattan
212,Lafayette St & Jersey St,40.72456089,-73.99565293,"40.72456089,-73.99565293",Nolita,10012,NY,Manhattan
213,Madison St & Montgomery St,40.713126,-73.984844,"40.713126,-73.984844",Lower East Side,10002,NY,Manhattan
214,5 Ave & E 29 St,40.7451677,-73.98683077,"40.7451677,-73.98683077",NoMad,10016,NY,Manhattan
215,Broad St & Bridge St,40.70365182,-74.01167797,"40.70365182,-74.01167797",Financial District,10004,NY,Manhattan
216,E 13 St & Avenue A,40.72955361,-73.98057249,"40.72955361,-73.98057249",Alphabet City,10009,NY,Manhattan
217,Clinton Ave & Flushing Ave,40.69794,-73.96986848,"40.69794,-73.96986848",Brooklyn Navy Yard,11205,NY,Brooklyn
218,Suffolk St & Stanton St,40.72066442,-73.98517977,"40.72066442,-73.98517977",Lower East Side,10002,NY,Manhattan
219,E 2 St & 2 Ave,40.72502876,-73.99069656,"40.72502876,-73.99069656",Bowery,10003,NY,Manhattan
220,2 Ave & E 31 St,40.74290902,-73.97706058,"40.74290902,-73.97706058",Kips Bay,10016,NY,Manhattan
221,E 23 St & 1 Ave,40.736502,-73.97809472,"40.736502,-73.97809472",Peter Cooper Village,10010,NY,Manhattan
222,W 20 St & 11 Ave,40.746745000000004,-74.007756,"40.746745,-74.007756",Chelsea,10011,NY,Manhattan
223,Howard St & Centre St,40.71910537,-73.99973337,"40.71910537,-73.99973337",Little Italy,10013,NY,Manhattan
224,W 44 St & 5 Ave,40.75500254,-73.98014437,"40.75500254,-73.98014437",Midtown West,10036,NY,Manhattan
225,8 Ave & W 52 St,40.76370739,-73.9851615,"40.76370739,-73.9851615",Theater District,10019,NY,Manhattan
226,Clinton St & Tillary St,40.696191999999996,-73.991218,"40.696192,-73.991218",Downtown Brooklyn,11201,NY,Brooklyn
227,W 46 St & 11 Ave,40.76341379,-73.99667444,"40.76341379,-73.99667444",Hell's Kitchen,10036,NY,Manhattan
228,W 15 St & 7 Ave,40.73935542,-73.99931783,"40.73935542,-73.99931783",Chelsea,10011,NY,Manhattan
229,W 49 St & 8 Ave,40.76227205,-73.98788205,"40.76227205,-73.98788205",Hell's Kitchen,10019,NY,Manhattan
230,Allen St & Rivington St,40.72019576,-73.98997825,"40.72019576,-73.98997825",Lower East Side,10002,NY,Manhattan
231,Laight St & Hudson St,40.72185379,-74.00771779,"40.72185379,-74.00771779",Tribeca,10013,NY,Manhattan
232,Barclay St & Church St,40.71291224,-74.01020234,"40.71291224,-74.01020234",Tribeca,10007,NY,Manhattan
233,W 49 St & 5 Ave,40.75795248,-73.97787642,"40.75795248,-73.97787642",Midtown West,10020,NY,Manhattan
234,8 Ave & W 31 St,40.75044999,-73.99481051,"40.75044999,-73.99481051",Chelsea,10199,NY,Manhattan
235,Broadway & W 39 St,40.75299641,-73.98721619,"40.75299641,-73.98721619",Garment District,10018,NY,Manhattan
236,Cleveland Pl & Spring St,40.7218158,-73.99720307,"40.7218158,-73.99720307",Nolita,10012,NY,Manhattan
237,Greenwich Ave & 8 Ave,40.7390169121,-74.0026376103,"40.7390169121,-74.0026376103",Lower Manhattan,10011,NY,Manhattan
238,Church St & Leonard St,40.71743998,-74.00583475,"40.71743998,-74.00583475",Tribeca,10013,NY,Manhattan
239,W 42 St & 8 Ave,40.75756989999999,-73.99098507,"40.7575699,-73.99098507",Garment District,10036,NY,Manhattan
240,E 30 St & Park Ave S,40.74444921,-73.98303529,"40.74444921,-73.98303529",Rose Hill,10016,NY,Manhattan
241,Division St & Bowery,40.71413089,-73.99704679999999,"40.71413089,-73.9970468",Chinatown,10002,NY,Manhattan
242,Willoughby Ave & Walworth St,40.69331716,-73.95381995,"40.69331716,-73.95381995",Bedford-Stuyvesant,11205,NY,Brooklyn
243,Park Pl & Church St,40.71336124,-74.00937622,"40.71336124,-74.00937622",Tribeca,10007,NY,Manhattan
244,Bank St & Washington St,40.7361967,-74.00859207,"40.7361967,-74.00859207",West Village,10014,NY,Manhattan
245,W 45 St & 6 Ave,40.7568001,-73.98291153,"40.7568001,-73.98291153",Midtown West,10036,NY,Manhattan
246,Warren St & Church St,40.71473993,-74.00910627,"40.71473993,-74.00910627",Tribeca,10007,NY,Manhattan
247,Dean St & 4 Ave,40.68312489,-73.97895137,"40.68312489,-73.97895137",Park Slope,11217,NY,Brooklyn
248,E 43 St & Vanderbilt Ave,40.75320159,-73.9779874,"40.75320159,-73.9779874",Midtown East,10017,NY,Manhattan
249,W 52 St & 11 Ave,40.76727216,-73.99392888,"40.76727216,-73.99392888",Hell's Kitchen,10019,NY,Manhattan
250,W 52 St & 5 Ave,40.75992262,-73.97648516,"40.75992262,-73.97648516",Midtown West,10019,NY,Manhattan
251,E 4 St & 2 Ave,40.726280700000004,-73.98978041,"40.7262807,-73.98978041",Bowery,10003,NY,Manhattan
252,10 Ave & W 28 St,40.75066386,-74.00176802,"40.75066386,-74.00176802",Chelsea,10001,NY,Manhattan
253,E 51 St & Lexington Ave,40.75714758,-73.97207836,"40.75714758,-73.97207836",Midtown East,10022,NY,Manhattan
254,E 20 St & Park Ave,40.73827428,-73.98751968,"40.73827428,-73.98751968",Gramercy Park,10010,NY,Manhattan
255,Cadman Plaza E & Tillary St,40.69597683,-73.99014892,"40.69597683,-73.99014892",Downtown Brooklyn,11201,NY,Brooklyn
256,Bialystoker Pl & Delancey St,40.71622644,-73.98261206,"40.71622644,-73.98261206",Lower East Side,10002,NY,Manhattan
257,E 16 St & Irving Pl,40.73524276,-73.98758561,"40.73524276,-73.98758561",Gramercy Park,10003,NY,Manhattan
258,Avenue D & E 8 St,40.72368361,-73.97574813,"40.72368361,-73.97574813",East Village,10009,NY,Manhattan
259,E 47 St & 1 Ave,40.75206862,-73.96784384,"40.75206862,-73.96784384",Midtown East,10017,NY,Manhattan
260,W 33 St & 7 Ave,40.75019995,-73.99093085,"40.75019995,-73.99093085",Chelsea,10001,NY,Manhattan
261,W Broadway & Spring St,40.72490985,-74.00154702,"40.72490985,-74.00154702",SoHo,10012,NY,Manhattan
262,E 39 St & 2 Ave,40.74780373,-73.97344190000001,"40.74780373,-73.9734419",Murray Hill,10016,NY,Manhattan
263,W 13 St & 6 Ave,40.73649403,-73.99704374,"40.73649403,-73.99704374",Greenwich Village,10011,NY,Manhattan
264,W 20 St & 7 Ave,40.74238787,-73.99726235,"40.74238787,-73.99726235",Chelsea,10011,NY,Manhattan
265,Pershing Square S,40.75149263,-73.97798848,"40.75149263,-73.97798848",Murray Hill,10168,NY,Manhattan
266,Catherine St & Monroe St,40.71117444,-73.99682619,"40.71117444,-73.99682619",Two Bridges,10038,NY,Manhattan
267,E 25 St & 2 Ave,40.73912601,-73.97973776,"40.73912601,-73.97973776",Kips Bay,10010,NY,Manhattan
268,E 32 St & Park Ave,40.745712100000006,-73.98194829,"40.7457121,-73.98194829",Midtown,10016,NY,Manhattan
269,Front St & Maiden Ln,40.70530954,-74.00612572,"40.70530954,-74.00612572",Financial District,10270,NY,Manhattan
270,Duane St & Greenwich St,40.71748752,-74.0104554,"40.71748752,-74.0104554",Tribeca,10013,NY,Manhattan
271,Columbia St & Rivington St,40.71739973,-73.98016555,"40.71739973,-73.98016555",Lower East Side,10002,NY,Manhattan
272,E 6 St & Avenue B,40.72453734,-73.98185424,"40.72453734,-73.98185424",Alphabet City,10009,NY,Manhattan
273,Broadway & W 51 St,40.76228826,-73.98336183,"40.76228826,-73.98336183",Theater District,10019,NY,Manhattan
274,W 31 St & 7 Ave,40.749156,-73.9916,"40.749156,-73.9916",Chelsea,10001,NY,Manhattan
275,Broadway & W 24 St,40.742354299999995,-73.98915076,"40.7423543,-73.98915076",Flatiron District,10010,NY,Manhattan
276,Pearl St & Hanover Square,40.7047177,-74.00926027,"40.7047177,-74.00926027",Financial District,10004,NY,Manhattan
277,John St & William St,40.70862144,-74.00722156,"40.70862144,-74.00722156",Financial District,10038,NY,Manhattan
278,Nassau St & Navy St,40.69839895,-73.98068914,"40.69839895,-73.98068914",Brooklyn Navy Yard,11201,NY,Brooklyn
279,Cumberland St & Lafayette Ave,40.68753406,-73.97265183,"40.68753406,-73.97265183",Fort Greene,11205,NY,Brooklyn
280,W 26 St & 8 Ave,40.74734825,-73.99723551,"40.74734825,-73.99723551",Chelsea,10001,NY,Manhattan
281,Kent Ave & S 11 St,40.70827295,-73.96834101,"40.70827295,-73.96834101",Williamsburg,11249,NY,Brooklyn
282,W 43 St & 6 Ave,40.75527307,-73.98316936,"40.75527307,-73.98316936",Midtown West,10036,NY,Manhattan
283,E 47 St & Park Ave,40.75510267,-73.97498696,"40.75510267,-73.97498696",Midtown East,10167,NY,Manhattan
284,St Marks Pl & 1 Ave,40.72779126,-73.98564945,"40.72779126,-73.98564945",Ukrainian Village,10003,NY,Manhattan
285,W 38 St & 8 Ave,40.75466591,-73.99138152,"40.75466591,-73.99138152",Garment District,10018,NY,Manhattan
286,Clinton St & Grand St,40.71559509,-73.9870295,"40.71559509,-73.9870295",Lower East Side,10002,NY,Manhattan
287,W 34 St & 11 Ave,40.75594159,-74.0021163,"40.75594159,-74.0021163",Midtown,10001,NY,Manhattan
288,Madison St & Clinton St,40.71269042,-73.98776323,"40.71269042,-73.98776323",Two Bridges,10002,NY,Manhattan
289,Hanover Pl & Livingston St,40.68864636,-73.98263429,"40.68864636,-73.98263429",Downtown Brooklyn,11201,NY,Brooklyn
290,Wythe Ave & Metropolitan Ave,40.716887,-73.96319799999999,"40.716887,-73.963198",Williamsburg,11249,NY,Brooklyn
291,E 15 St & 3 Ave,40.734232,-73.986923,"40.734232,-73.986923",Gramercy Park,10003,NY,Manhattan
292,Lafayette St & E 8 St,40.73028666,-73.9907647,"40.73028666,-73.9907647",East Village,10003,NY,Manhattan
293,E 39 St & 3 Ave,40.7489006,-73.97604882,"40.7489006,-73.97604882",Murray Hill,10016,NY,Manhattan
294,Front St & Washington St,40.70255088,-73.98940236,"40.70255088,-73.98940236",Dumbo,11201,NY,Brooklyn
295,Broadway & W 55 St,40.7652654,-73.98192338,"40.7652654,-73.98192338",Midtown West,10019,NY,Manhattan
296,Broadway & W 49 St,40.76064679,-73.98442659,"40.76064679,-73.98442659",Theater District,10019,NY,Manhattan
297,3 Ave & Schermerhorn St,40.68683208,-73.9796772,"40.68683208,-73.9796772",Downtown Brooklyn,11217,NY,Brooklyn
298,W 20 St & 8 Ave,40.74345335,-74.00004031,"40.74345335,-74.00004031",Chelsea,10011,NY,Manhattan
299,6 Ave & Canal St,40.72243797,-74.00566443,"40.72243797,-74.00566443",Hudson Square,10013,NY,Manhattan
300,Broadway & W 32 St,40.74854862,-73.98808416,"40.74854862,-73.98808416",Korea Town,10001,NY,Manhattan
301,1 Ave & E 44 St,40.75001986,-73.96905301,"40.75001986,-73.96905301",Midtown East,10017,NY,Manhattan
302,West St & Chambers St,40.71754834,-74.01322069,"40.71754834,-74.01322069",Battery Park City,10282,NY,Manhattan
303,Washington Pl & 6 Ave,40.73224119,-74.00026394,"40.73224119,-74.00026394",Greenwich Village,10011,NY,Manhattan
304,Avenue D & E 12 St,40.72580614,-73.97422494,"40.72580614,-73.97422494",East Village,10009,NY,Manhattan
305,Great Jones St,40.72743423,-73.99379025,"40.72743423,-73.99379025",NoHo,10012,NY,Manhattan
306,Montague St & Clinton St,40.69424674,-73.99215922,"40.69424674,-73.99215922",Brooklyn Heights,11201,NY,Brooklyn
307,Washington St & Gansevoort St,40.739323,-74.008119,"40.739323,-74.008119",West Village,10014,NY,Manhattan
308,W 11 St & 6 Ave,40.73532427,-73.99800419,"40.73532427,-73.99800419",Greenwich Village,10011,NY,Manhattan
309,E 10 St & Avenue A,40.72740794,-73.98142006,"40.72740794,-73.98142006",Alphabet City,10009,NY,Manhattan
310,St James Pl & Oliver St,40.71307916,-73.99851193,"40.71307916,-73.99851193",Civic Center,10038,NY,Manhattan
311,Lexington Ave & E 26 St,40.74147286,-73.98320928,"40.74147286,-73.98320928",Rose Hill,10010,NY,Manhattan
312,Front St & Gold St,40.70224,-73.982578,"40.70224,-73.982578",Vinegar Hill,11201,NY,Brooklyn
313,Joralemon St & Adams St,40.69246277,-73.98963911,"40.69246277,-73.98963911",Downtown Brooklyn,11201,NY,Brooklyn
314,St Marks Pl & 2 Ave,40.7284186,-73.98713956,"40.7284186,-73.98713956",Ukrainian Village,10003,NY,Manhattan
315,7 Ave & Farragut St,40.69892054,-73.97332996,"40.69892054,-73.97332996",Brooklyn Navy Yard,11205,NY,Brooklyn
316,6 Ave & W 33 St,40.74901271,-73.98848395,"40.74901271,-73.98848395",Chelsea,10001,NY,Manhattan
317,South St & Gouverneur Ln,40.70355377,-74.00670227,"40.70355377,-74.00670227",Financial District,10005,NY,Manhattan
318,Washington Ave & Park Ave,40.69610226,-73.96751037,"40.69610226,-73.96751037",Clinton Hill,11205,NY,Brooklyn
319,Grand Army Plaza & Central Park S,40.764397100000004,-73.97371465,"40.7643971,-73.97371465",Midtown,10019,NY,Manhattan
320,W 45 St & 8 Ave,40.75929124,-73.98859651,"40.75929124,-73.98859651",Hell's Kitchen,10036,NY,Manhattan
321,Washington Square E,40.73049393,-73.99572140000001,"40.73049393,-73.9957214",Greenwich Village,10003,NY,Manhattan
322,E 58 St & 3 Ave,40.76095756,-73.96724467,"40.76095756,-73.96724467",Midtown East,10155,NY,Manhattan
323,2 Ave & E 58 St,40.76020258,-73.96478473,"40.76020258,-73.96478473",Midtown East,10022,NY,Manhattan
324,Canal St & Rutgers St,40.71427487,-73.98990025,"40.71427487,-73.98990025",Lower East Side,10002,NY,Manhattan
325,W 26 St & 10 Ave,40.749717753,-74.002950346,"40.749717753,-74.002950346",Chelsea,10001,NY,Manhattan
326,Little West St & 1 Pl,40.70569254,-74.01677685,"40.70569254,-74.01677685",Battery Park City,10004,NY,Manhattan
327,Fulton St & Rockwell Pl,40.687979,-73.978474,"40.687979,-73.978474",Fort Greene,11217,NY,Brooklyn
328,E 19 St & 3 Ave,40.73624527,-73.98473765,"40.73624527,-73.98473765",Gramercy Park,10003,NY,Manhattan
329,Marcus Garvey Blvd & Macon St,40.682601,-73.938037,"40.682601,-73.938037",Stuyvesant Heights,11216,NY,Brooklyn
330,Amsterdam Ave & W 73 St,40.779668090073116,-73.98093044757842,"40.7796680901,-73.9809304476",Upper West Side,10023,NY,Manhattan
331,E 41 St & Madison Ave,40.752165280621966,-73.97992193698882,"40.7521652806,-73.979921937",Midtown,10017,NY,Manhattan
332,Driggs Ave & N Henry St,40.72325,-73.94308000000001,"40.72325,-73.94308",Greenpoint,11222,NY,Brooklyn
333,Roebling St & N 4 St,40.714690000000004,-73.95739,"40.71469,-73.95739",Williamsburg,11211,NY,Brooklyn
334,Broadway & Whipple St,40.7016657,-73.9437303,"40.7016657,-73.9437303",Broadway Triangle,11206,NY,Brooklyn
335,E 84 St & 1 Ave,40.77565541,-73.95068615,"40.77565541,-73.95068615",Yorkville,10028,NY,Manhattan
336,E 40 St & Madison Ave,40.75159368451112,-73.98043155670166,"40.7515936845,-73.9804315567",Midtown,10016,NY,Manhattan
337,Greene Ave & Nostrand Ave,40.68833370000001,-73.950916,"40.6883337,-73.950916",Bedford-Stuyvesant,11216,NY,Brooklyn
338,McKibbin St & Manhattan Ave,40.70510918,-73.94407279,"40.70510918,-73.94407279",Williamsburg,11206,NY,Brooklyn
339,N 15 St & Wythe Ave,40.724055,-73.955736,"40.724055,-73.955736",Greenpoint,11222,NY,Brooklyn
340,Amsterdam Ave & W 82 St,40.78524672,-73.97667321,"40.78524672,-73.97667321",Upper West Side,10024,NY,Manhattan
341,Nostrand Ave & Myrtle Ave,40.69527008,-73.95238108,"40.69527008,-73.95238108",Bedford-Stuyvesant,11206,NY,Brooklyn
342,Graham Ave & Conselyea St,40.715143,-73.944507,"40.715143,-73.944507",Williamsburg,11211,NY,Brooklyn
343,E 72 St & York Ave,40.76663814,-73.95348296,"40.76663814,-73.95348296",Lenox Hill,10021,NY,Manhattan
344,E 24 St & Park Ave S,40.74096374,-73.98602213,"40.74096374,-73.98602213",Flatiron District,10010,NY,Manhattan
345,N 12 St & Bedford Ave,40.72079821,-73.95484712,"40.72079821,-73.95484712",Williamsburg,11222,NY,Brooklyn
346,W 64 St & West End Ave,40.77452835,-73.98753759,"40.77452835,-73.98753759",Lincoln Square,10023,NY,Manhattan
347,21 St & 43 Ave,40.75052534,-73.94594845,"40.75052534,-73.94594845",Hunters Point,11101,NY,Queens
348,21 St & Queens Plaza North,40.75325964,-73.94335788,"40.75325964,-73.94335788",Long Island City,11101,NY,Queens
349,W 84 St & Broadway,40.7867947,-73.977112,"40.7867947,-73.977112",Upper West Side,10024,NY,Manhattan
350,5 Ave & E 78 St,40.77682863439968,-73.96388769149779,"40.7768286344,-73.9638876915",Upper East Side,10021,NY,Manhattan
351,3 Ave & E 62 St,40.76312584,-73.96526895,"40.76312584,-73.96526895",Lenox Hill,10065,NY,Manhattan
352,Leonard St & Boerum St,40.70583339,-73.94644578,"40.70583339,-73.94644578",Williamsburg,11206,NY,Brooklyn
353,Central Park West & W 76 St,40.77896784,-73.97374737,"40.77896784,-73.97374737",Central Park,10023,NY,Manhattan
354,Myrtle Ave & Lewis Ave,40.69681963,-73.93756926,"40.69681963,-73.93756926",Bedford-Stuyvesant,11206,NY,Brooklyn
355,W 67 St & Broadway,40.77492513,-73.98266566,"40.77492513,-73.98266566",Lincoln Square,10023,NY,Manhattan
356,E 67 St & Park Ave,40.76780080148132,-73.96592080593109,"40.7678008015,-73.9659208059",Lenox Hill,10065,NY,Manhattan
357,Albany Ave & Fulton St,40.6800105,-73.938475,"40.6800105,-73.938475",Bedford-Stuyvesant,11216,NY,Brooklyn
358,Union Ave & Wallabout St,40.70029511,-73.95032283,"40.70029511,-73.95032283",Williamsburg,11206,NY,Brooklyn
359,Kosciuszko St & Tompkins Ave,40.69128258,-73.9452416,"40.69128258,-73.9452416",Bedford-Stuyvesant,11221,NY,Brooklyn
360,Marcy Ave & MacDonough St,40.68061768455451,-73.94624948501588,"40.6806176846,-73.946249485",Bedford-Stuyvesant,11216,NY,Brooklyn
361,S 4 St & Rodney St,40.709340000000005,-73.95608,"40.70934,-73.95608",Williamsburg,11211,NY,Brooklyn
362,Kent Ave & N 7 St,40.72057658,-73.96150225,"40.72057658,-73.96150225",Williamsburg,11249,NY,Brooklyn
363,Myrtle Ave & Marcy Ave,40.69539817,-73.94954908,"40.69539817,-73.94954908",Bedford-Stuyvesant,11206,NY,Brooklyn
364,E 81 St & 3 Ave,40.77573034,-73.9567526,"40.77573034,-73.9567526",Upper East Side,10028,NY,Manhattan
365,Franklin St & Dupont St,40.735640000000004,-73.95866,"40.73564,-73.95866",Greenpoint,11222,NY,Brooklyn
366,11 Ave & W 59 St,40.771522,-73.99054100000001,"40.771522,-73.990541",Lincoln Square,10019,NY,Manhattan
367,46 Ave & 5 St,40.74731,-73.95451,"40.74731,-73.95451",Hunters Point,11101,NY,Queens
368,India St & East River,40.73165141,-73.96161892,"40.73165141,-73.96161892",Greenpoint,11222,NY,Brooklyn
369,N 6 St & Bedford Ave,40.71745169,-73.95850939,"40.71745169,-73.95850939",Williamsburg,11249,NY,Brooklyn
370,Center Blvd & Borden Ave,40.741609999999994,-73.96044,"40.74161,-73.96044",Long Island City,11101,NY,Queens
371,Marcy Ave & Lafayette Ave,40.6900815,-73.94791500000001,"40.6900815,-73.947915",Bedford-Stuyvesant,11216,NY,Brooklyn
372,Pulaski St & Marcus Garvey Blvd,40.693398200000004,-73.939877,"40.6933982,-73.939877",Bedford-Stuyvesant,11221,NY,Brooklyn
373,Sands St & Navy St,40.699773,-73.979927,"40.699773,-73.979927",Brooklyn Navy Yard,11201,NY,Brooklyn
374,Banker St & Meserole Ave,40.72606,-73.95621,"40.72606,-73.95621",Greenpoint,11222,NY,Brooklyn
375,W 13 St & Hudson St,40.73997354103409,-74.00513872504234,"40.739973541,-74.005138725",West Village,10014,NY,Manhattan
376,Driggs Ave & Lorimer St,40.72179134,-73.95041540000001,"40.72179134,-73.9504154",Williamsburg,11222,NY,Brooklyn
377,Leonard St & Grand St,40.71103537,-73.94714303,"40.71103537,-73.94714303",Williamsburg,11211,NY,Brooklyn
378,Bedford Ave & S 9 St,40.70853074,-73.96408963,"40.70853074,-73.96408963",Williamsburg,11211,NY,Brooklyn
379,Tompkins Ave & Hopkins St,40.69957608,-73.94708417,"40.69957608,-73.94708417",Bedford-Stuyvesant,11206,NY,Brooklyn
380,N Henry St & Richardson St,40.71921585,-73.94244690000001,"40.71921585,-73.9424469",Williamsburg,11222,NY,Brooklyn
381,Queens Plaza North & Crescent St,40.75110165,-73.94073717,"40.75110165,-73.94073717",Long Island City,11101,NY,Queens
382,Division Ave & Marcy Ave,40.70708701,-73.95796783,"40.70708701,-73.95796783",Williamsburg,11211,NY,Brooklyn
383,Riverside Dr & W 82 St,40.78720869,-73.98128127,"40.78720869,-73.98128127",Upper West Side,10024,NY,Manhattan
384,Meserole Ave & Manhattan Ave,40.72708584,-73.95299117,"40.72708584,-73.95299117",Greenpoint,11222,NY,Brooklyn
385,9 St & 44 Rd,40.74966,-73.9521,"40.74966,-73.9521",Hunters Point,11101,NY,Queens
386,Carlton Ave & Flushing Ave,40.697787,-73.973736,"40.697787,-73.973736",Brooklyn Navy Yard,11205,NY,Brooklyn
387,India St & Manhattan Ave,40.73232194,-73.9550858,"40.73232194,-73.9550858",Greenpoint,11222,NY,Brooklyn
388,E 75 St & 3 Ave,40.77112927,-73.95772297,"40.77112927,-73.95772297",Lenox Hill,10021,NY,Manhattan
389,Leonard St & Bayard St,40.71928,-73.94861,"40.71928,-73.94861",Williamsburg,11222,NY,Brooklyn
390,Montrose Ave & Bushwick Ave,40.70767788,-73.94016171,"40.70767788,-73.94016171",Williamsburg,11206,NY,Brooklyn
391,Park Ave & Marcus Garvey Blvd,40.698617,-73.941342,"40.698617,-73.941342",Bedford-Stuyvesant,11206,NY,Brooklyn
392,E 33 St & 2 Ave,40.744023,-73.976056,"40.744023,-73.976056",Kips Bay,10016,NY,Manhattan
393,E 82 St & 2 Ave,40.77517793,-73.95324922,"40.77517793,-73.95324922",Yorkville,10028,NY,Manhattan
394,Riverside Dr & W 72 St,40.780577990103346,-73.98562431335448,"40.7805779901,-73.9856243134",Upper West Side,10023,NY,Manhattan
395,Stagg St & Union Ave,40.70877084,-73.95095259,"40.70877084,-73.95095259",Williamsburg,11211,NY,Brooklyn
396,Greene Ave & Throop Ave,40.6894932,-73.942061,"40.6894932,-73.942061",Bedford-Stuyvesant,11221,NY,Brooklyn
397,Henry St & Grand St,40.714215,-73.981346,"40.714215,-73.981346",Lower East Side,10002,NY,Manhattan
398,W 63 St & Broadway,40.77163851,-73.98261428,"40.77163851,-73.98261428",Lincoln Square,10023,NY,Manhattan
399,Humboldt St & Varet St,40.7031724,-73.940636,"40.7031724,-73.940636",Williamsburg,11206,NY,Brooklyn
400,E 81 St & Park Ave,40.77677702,-73.95900970000001,"40.77677702,-73.9590097",Upper East Side,10028,NY,Manhattan
401,Willoughby Ave & Tompkins Ave,40.69425403,-73.94626915,"40.69425403,-73.94626915",Bedford-Stuyvesant,11206,NY,Brooklyn
402,W 74 St & Columbus Ave,40.7785669,-73.97754961,"40.7785669,-73.97754961",Upper West Side,10023,NY,Manhattan
403,Bus Slip & State St,40.701907,-74.013942,"40.701907,-74.013942",Financial District,10004,NY,Manhattan
404,E 60 St & York Ave,40.759107,-73.959223,"40.759107,-73.959223",Lenox Hill,10022,NY,Manhattan
405,Cadman Plaza West & Montague St,40.69383,-73.990539,"40.69383,-73.990539",Brooklyn Heights,11201,NY,Brooklyn
406,Putnam Ave & Nostrand Ave,40.684020000000004,-73.94977,"40.68402,-73.94977",Bedford-Stuyvesant,11216,NY,Brooklyn
407,E 84 St & Park Ave,40.77862688,-73.95772073,"40.77862688,-73.95772073",Upper East Side,10028,NY,Manhattan
408,Graham Ave & Withers St,40.7169811,-73.94485918,"40.7169811,-73.94485918",Williamsburg,11211,NY,Brooklyn
409,Hope St & Union Ave,40.71167351,-73.95141312,"40.71167351,-73.95141312",Williamsburg,11211,NY,Brooklyn
410,E 59 St & Madison Ave,40.76350532,-73.97109243,"40.76350532,-73.97109243",Lenox Hill,10022,NY,Manhattan
411,Shevchenko Pl & E 7 St,40.728145,-73.990214,"40.728145,-73.990214",Ukrainian Village,10003,NY,Manhattan
412,W 84 St & Columbus Ave,40.78499979,-73.97283406,"40.78499979,-73.97283406",Upper West Side,10024,NY,Manhattan
413,Graham Ave & Herbert St,40.71929301,-73.94500379,"40.71929301,-73.94500379",Williamsburg,11222,NY,Brooklyn
414,Bushwick Ave & Powers St,40.71247661,-73.94100005,"40.71247661,-73.94100005",Williamsburg,11211,NY,Brooklyn
415,Riverside Dr & W 78 St,40.78414472,-73.98362492,"40.78414472,-73.98362492",Upper West Side,10024,NY,Manhattan
416,E 85 St & York Ave,40.77536905,-73.94803392,"40.77536905,-73.94803392",Yorkville,10028,NY,Manhattan
417,Scholes St & Manhattan Ave,40.70870368,-73.9448625,"40.70870368,-73.9448625",Williamsburg,11206,NY,Brooklyn
418,N 11 St & Wythe Ave,40.72153267,-73.95782357,"40.72153267,-73.95782357",Williamsburg,11249,NY,Brooklyn
419,48 Ave & 5 St,40.74436328706688,-73.95587325096129,"40.7443632871,-73.955873251",Hunters Point,11101,NY,Queens
420,Lorimer St & Broadway,40.70411791,-73.94818595,"40.70411791,-73.94818595",Broadway Triangle,11206,NY,Brooklyn
421,Huron St & Franklin St,40.732659999999996,-73.95826,"40.73266,-73.95826",Greenpoint,11222,NY,Brooklyn
422,Division Ave & Hooper St,40.70691254,-73.95441667,"40.70691254,-73.95441667",Williamsburg,11211,NY,Brooklyn
423,Central Park West & W 85 St,40.78472675,-73.96961715,"40.78472675,-73.96961715",Central Park,10024,NY,Manhattan
424,Penn Station Valet,40.751283596962296,-73.99692445993422,"40.751283597,-73.9969244599",Chelsea,10199,NY,Manhattan
425,Columbus Ave & W 72 St,40.7770575,-73.97898475,"40.7770575,-73.97898475",Lincoln Square,10023,NY,Manhattan
426,E 85 St & 3 Ave,40.77801203,-73.95407149,"40.77801203,-73.95407149",Yorkville,10028,NY,Manhattan
427,Brooklyn Bridge Park - Pier 2,40.69878,-73.99712,"40.69878,-73.99712",Brooklyn Heights,11201,NY,Brooklyn
428,44 Dr & Jackson Ave,40.74718234,-73.9432635,"40.74718234,-73.9432635",Hunters Point,11101,NY,Queens
429,1 Ave & E 68 St,40.76500525,-73.95818491,"40.76500525,-73.95818491",Lenox Hill,10065,NY,Manhattan
430,Leonard St & Church St,40.717571,-74.005549,"40.717571,-74.005549",Tribeca,10013,NY,Manhattan
431,Metropolitan Ave & Meeker Ave,40.71413311,-73.95234386,"40.71413311,-73.95234386",Williamsburg,11211,NY,Brooklyn
432,Peck Slip & Front St,40.707873,-74.00166999999999,"40.707873,-74.00167",Financial District,10038,NY,Manhattan
433,N 8 St & Driggs Ave,40.71774592,-73.95600096,"40.71774592,-73.95600096",Williamsburg,11211,NY,Brooklyn
434,21 St & 41 Ave,40.75383343437622,-73.94267678260802,"40.7538334344,-73.9426767826",Long Island City,11101,NY,Queens
435,1 Ave & E 78 St,40.77140426,-73.9535166,"40.77140426,-73.9535166",Upper East Side,10075,NY,Manhattan
436,Bedford Ave & Nassau Ave,40.72311651,-73.95212324,"40.72311651,-73.95212324",Williamsburg,11222,NY,Brooklyn
437,5 Ave & E 63 St,40.76650452,-73.97147595,"40.76650452,-73.97147595",Lenox Hill,10019,NY,Manhattan
438,1 Ave & E 62 St,40.761227399999996,-73.96094022,"40.7612274,-73.96094022",Lenox Hill,10065,NY,Manhattan
439,Central Park West & W 68 St,40.7734066,-73.97782542,"40.7734066,-73.97782542",Central Park,10023,NY,Manhattan
440,Pershing Square South,40.751581,-73.97791,"40.751581,-73.97791",Murray Hill,10168,NY,Manhattan
441,Jackson Ave & 46 Rd,40.74524768,-73.94733276,"40.74524768,-73.94733276",Hunters Point,11101,NY,Queens
442,W 82 St & Central Park West,40.78275,-73.97137,"40.78275,-73.97137",Central Park,10024,NY,Manhattan
443,Halsey St & Tompkins Ave,40.682368700000005,-73.944118,"40.6823687,-73.944118",Bedford-Stuyvesant,11216,NY,Brooklyn
444,Frost St & Meeker St,40.71764,-73.94882,"40.71764,-73.94882",Williamsburg,11211,NY,Brooklyn
445,Hanson Pl & St Felix St,40.68515959989177,-73.97711366415024,"40.6851595999,-73.9771136642",Fort Greene,11217,NY,Brooklyn
446,Greenwich St & W Houston St,40.728846000000004,-74.00859100000001,"40.728846,-74.008591",Hudson Square,10014,NY,Manhattan
447,Cadman Plaza W & Pierrepont St,40.69475701363877,-73.99052739143372,"40.6947570136,-73.9905273914",Downtown Brooklyn,11201,NY,Brooklyn
448,Milton St & Franklin St,40.72906,-73.95779,"40.72906,-73.95779",Greenpoint,11222,NY,Brooklyn
449,Devoe St & Leonard St,40.71348658,-73.94792458,"40.71348658,-73.94792458",Williamsburg,11211,NY,Brooklyn
450,Norman Ave & Leonard St,40.725848299999996,-73.95064893,"40.7258483,-73.95064893",Greenpoint,11222,NY,Brooklyn
451,31 St & Thomson Ave,40.74469738,-73.93540375,"40.74469738,-73.93540375",Long Island City,11101,NY,Queens
452,Lexington Ave & E 29 St,40.74311555376486,-73.98215353488922,"40.7431155538,-73.9821535349",Rose Hill,10016,NY,Manhattan
453,Putnam Ave & Throop Ave,40.6851532,-73.94111,"40.6851532,-73.94111",Bedford-Stuyvesant,11221,NY,Brooklyn
454,Riverside Blvd & W 67 St,40.777507027547976,-73.98888587951659,"40.7775070275,-73.9888858795",Lincoln Square,10069,NY,Manhattan
455,E 72 St & Park Ave,40.77122923,-73.96432627,"40.77122923,-73.96432627",Lenox Hill,10021,NY,Manhattan
456,Bond St & Fulton St,40.68962188790333,-73.98304268717766,"40.6896218879,-73.9830426872",Downtown Brooklyn,11201,NY,Brooklyn
457,Nassau Ave & Russell St,40.725570000000005,-73.94434,"40.72557,-73.94434",Greenpoint,11222,NY,Brooklyn
458,Kingston Ave & Herkimer St,40.67890679,-73.94142771,"40.67890679,-73.94142771",Bedford-Stuyvesant,11216,NY,Brooklyn
459,5 Ave & E 73 St,40.77282817,-73.96685276,"40.77282817,-73.96685276",Lenox Hill,10021,NY,Manhattan
460,Central Park West & W 72 St,40.77579376683666,-73.97620573639871,"40.7757937668,-73.9762057364",Central Park,10023,NY,Manhattan
461,E 55 St & 3 Ave,40.758996559605116,-73.96865397691727,"40.7589965596,-73.9686539769",Midtown East,10022,NY,Manhattan
462,W 78 St & Broadway,40.78339981,-73.98093133,"40.78339981,-73.98093133",Upper West Side,10024,NY,Manhattan
463,Cambridge Pl & Gates Ave,40.68488,-73.96304,"40.68488,-73.96304",Clinton Hill,11238,NY,Brooklyn
464,45 Rd & 11 St,40.74708586,-73.94977234,"40.74708586,-73.94977234",Long Island City,11101,NY,Queens
465,Kosciuszko St & Nostrand Ave,40.69072549,-73.95133465,"40.69072549,-73.95133465",Bedford-Stuyvesant,11205,NY,Brooklyn
466,Fulton St & Washington Ave,40.683048,-73.964915,"40.683048,-73.964915",Clinton Hill,11238,NY,Brooklyn
467,Vernon Blvd & 50 Ave,40.74232744,-73.95411749,"40.74232744,-73.95411749",Hunters Point,11101,NY,Queens
468,Lexington Ave & E 63 St,40.76440023,-73.96648977,"40.76440023,-73.96648977",Lenox Hill,10065,NY,Manhattan
469,47 Ave & 31 St,40.743,-73.93561,"40.743,-73.93561",Long Island City,11101,NY,Queens
470,Lewis Ave & Kosciuszko St,40.69237074,-73.93705428,"40.69237074,-73.93705428",Bedford-Stuyvesant,11221,NY,Brooklyn
471,Berry St & N 8 St,40.7190095,-73.95852515,"40.7190095,-73.95852515",Williamsburg,11249,NY,Brooklyn
472,Fulton St & Utica Ave,40.6794268,-73.92989109999999,"40.6794268,-73.9298911",Bedford-Stuyvesant,11233,NY,Brooklyn
473,Lewis Ave & Madison St,40.686312,-73.935775,"40.686312,-73.935775",Bedford-Stuyvesant,11221,NY,Brooklyn
474,Leonard St & Manhattan Ave,40.72152240339303,-73.94898265600203,"40.7215224034,-73.948982656",Greenpoint,11222,NY,Brooklyn
475,Throop Ave & Myrtle Ave,40.69622937,-73.94371094,"40.69622937,-73.94371094",Bedford-Stuyvesant,11206,NY,Brooklyn
476,E 48 St & Madison Ave,40.75666,-73.97668399999999,"40.75666,-73.976684",Midtown East,10017,NY,Manhattan
477,Graham Ave & Grand St,40.711863,-73.944024,"40.711863,-73.944024",Williamsburg,11211,NY,Brooklyn
478,Boerum St & Broadway,40.70538077,-73.94976519,"40.70538077,-73.94976519",Williamsburg,11206,NY,Brooklyn
479,Union Ave & Jackson St,40.7160751,-73.95202900000001,"40.7160751,-73.952029",Williamsburg,11211,NY,Brooklyn
480,Pershing Square North,40.751872999999996,-73.97770600000001,"40.751873,-73.977706",Murray Hill,10168,NY,Manhattan
481,E 48 St & 5 Ave,40.75724567911726,-73.97805914282799,"40.7572456791,-73.9780591428",Midtown East,10017,NY,Manhattan
482,W 70 St & Amsterdam Ave,40.77748046,-73.98288594,"40.77748046,-73.98288594",Lincoln Square,10023,NY,Manhattan
483,Greenpoint Ave & Manhattan Ave,40.730259999999994,-73.95394,"40.73026,-73.95394",Greenpoint,11222,NY,Brooklyn
484,East End Ave & E 86 St,40.77518615,-73.94446054,"40.77518615,-73.94446054",Yorkville,10028,NY,Manhattan
485,Fulton St & Broadway,40.711065999999995,-74.009447,"40.711066,-74.009447",Financial District,10007,NY,Manhattan
486,McGuinness Blvd & Eagle St,40.73555,-73.95284000000001,"40.73555,-73.95284",Greenpoint,11222,NY,Brooklyn
487,Lewis Ave & Decatur St,40.6814598,-73.934903,"40.6814598,-73.934903",Stuyvesant Heights,11216,NY,Brooklyn
488,W 76 St & Columbus Ave,40.7801839724239,-73.97728532552719,"40.7801839724,-73.9772853255",Upper West Side,10023,NY,Manhattan
489,Union Ave & N 12 St,40.71924,-73.95241999999999,"40.71924,-73.95242",Williamsburg,11222,NY,Brooklyn
490,PABT Valet,40.75898481399634,-73.99379968643187,"40.758984814,-73.9937996864",Hell's Kitchen,10036,NY,Manhattan
491,Monroe St & Tompkins Ave,40.686203000000006,-73.944694,"40.686203,-73.944694",Bedford-Stuyvesant,11216,NY,Brooklyn
492,E 80 St & 2 Ave,40.77391390238118,-73.9543953537941,"40.7739139024,-73.9543953538",Yorkville,10075,NY,Manhattan
493,E 81 St & York Ave,40.7728384,-73.94989233,"40.7728384,-73.94989233",Yorkville,10028,NY,Manhattan
494,Center Blvd & Borden Ave,40.741609999999994,-73.96044,"40.74161,-73.96044",Long Island City,11101,NY,Queens
495,E 77 St & 3 Ave,40.77314236,-73.95856158,"40.77314236,-73.95856158",Upper East Side,10075,NY,Manhattan
496,University Pl & E 8 St,40.73143724085228,-73.99490341544151,"40.7314372409,-73.9949034154",Greenwich Village,10003,NY,Manhattan
497,E 77 St & Park Ave,40.774405455003,-73.96175265312193,"40.774405455,-73.9617526531",Lenox Hill,10075,NY,Manhattan
498,Leonard St & Meeker Ave,40.717318403855785,-73.9482021331787,"40.7173184039,-73.9482021332",Williamsburg,11211,NY,Brooklyn
499,Broadway & Roebling St,40.70925562,-73.95982218,"40.70925562,-73.95982218",Williamsburg,11211,NY,Brooklyn
500,E 71 St & 2 Ave,40.76817546742245,-73.95910263061523,"40.7681754674,-73.9591026306",Lenox Hill,10021,NY,Manhattan
501,E 58 St & 1 Ave,40.75892386377695,-73.96226227283478,"40.7589238638,-73.9622622728",Sutton Place,10022,NY,Manhattan
502,Schermerhorn St & Court St,40.69102925677968,-73.99183362722397,"40.6910292568,-73.9918336272",Brooklyn Heights,11201,NY,Brooklyn
503,W 42 St & Dyer Ave,40.75898481399634,-73.99379968643187,"40.758984814,-73.9937996864",Hell's Kitchen,10036,NY,Manhattan
504,Nassau Ave & Newell St,40.724812564400175,-73.94752621650694,"40.7248125644,-73.9475262165",Greenpoint,11222,NY,Brooklyn
505,Allen St & Stanton St,40.722055,-73.989111,"40.722055,-73.989111",Lower East Side,10002,NY,Manhattan
506,KentAve&N7 St,40.72057658,-73.96150225,"40.72057658,-73.96150225",Williamsburg,11249,NY,Brooklyn
507,8 Ave & W 31 St N,40.750967348715974,-73.99444207549095,"40.7509673487,-73.9944420755",Chelsea,10199,NY,Manhattan
508,E 68 St & 3 Ave,40.76712840349542,-73.96224617958069,"40.7671284035,-73.9622461796",Lenox Hill,10065,NY,Manhattan
509,Verona Pl & Fulton St,40.680356084043396,-73.94767910242079,"40.680356084,-73.9476791024",Bedford-Stuyvesant,11216,NY,Brooklyn
510,3969.TEMP (Bike The Branches - Central Branch),40.722852,-73.959114,"40.722852,-73.959114",Williamsburg,11249,NY,Brooklyn
511,Yankee Ferry Terminal,40.686931,-74.016966,"40.686931,-74.016966",Governors Island,11231,NY,Manhattan
512,Bike The Branches - Red Hook Branch,40.67534953067412,-74.01002034544946,"40.6753495307,-74.0100203454",Red Hook,11231,NY,Brooklyn
513,Bike The Branches - Central Branch,40.67280641227746,-73.96886587142943,"40.6728064123,-73.9688658714",Prospect Heights,11238,NY,Brooklyn
514,Soissons Landing,40.69231660719192,-74.01486575603484,"40.6923166072,-74.014865756",Governors Island,11231,NY,Manhattan
515,9 Ave & W 28 St,40.74937024193277,-73.99923384189607,"40.7493702419,-73.9992338419",Chelsea,10001,NY,Manhattan
516,3 Ave & E 71 St,40.76873687,-73.96119945,"40.76873687,-73.96119945",Lenox Hill,10021,NY,Manhattan
517,Pier 40 - Hudson River Park,40.7277140777778,-74.01129573583603,"40.7277140778,-74.0112957358",Lower Manhattan,10014,NY,Manhattan
518,Mercer St & Bleecker St S,40.72679454,-73.99695094,"40.72679454,-73.99695094",Greenwich Village,10012,NY,Manhattan
519,Adventures NYC,40.77376867022874,-73.97116988897324,"40.7737686702,-73.971169889",Central Park,10024,NY,Manhattan
520,Lafayette St & Jersey St N,40.72456089,-73.99565293,"40.72456089,-73.99565293",Nolita,10012,NY,Manhattan
521,Kiosk in a box Motivate,40.646677898897856,-74.01630342006682,"40.6466778989,-74.0163034201",Sunset Park,11232,NY,Brooklyn
522,E 61 St & Park Ave,40.76421007169064,-73.96910458803177,"40.7642100717,-73.969104588",Lenox Hill,10065,NY,Manhattan
523,NYCBS Depot - STY,40.729193,-73.97665500000001,"40.729193,-73.976655",Stuyvesant Town,10009,NY,Manhattan
524,NYCBS Depot - SSP,40.646768,-74.01651,"40.646768,-74.01651",Sunset Park,11232,NY,Brooklyn
525,NYCBS Depot - FAR,40.751483,-73.996764,"40.751483,-73.996764",Chelsea,10199,NY,Manhattan
526,Greenwich St & North Moore St,40.72015227023285,-74.01036500930786,"40.7201522702,-74.0103650093",Tribeca,10013,NY,Manhattan
527,1 Ave & E 16 St,40.73221853,-73.98165557,"40.73221853,-73.98165557",Stuyvesant Town,10009,NY,Manhattan
528,NYCBS Depot - PIT,40.716909780459645,-73.98383796215056,"40.7169097805,-73.9838379622",Lower East Side,10002,NY,Manhattan
529,SSP Tech Workshop,40.646678,-74.016263,"40.646678,-74.016263",Sunset Park,11232,NY,Brooklyn
530,8D OPS 01,40.684868747593924,-74.02544975280763,"40.6848687476,-74.0254497528",Governors Island,11231,NY,Manhattan
531,Kiosk in a box Deployment,40.70861098096821,-73.92850399017334,"40.708610981,-73.9285039902",East Williamsburg,11237,NY,Brooklyn
532,Cooper Square & E 7 St,40.72923649910006,-73.99086803197861,"40.7292364991,-73.990868032",East Village,10003,NY,Manhattan
533,W 27 St & 10 Ave,40.750181563256824,-74.00218427181244,"40.7501815633,-74.0021842718",Chelsea,10001,NY,Manhattan
534,President St & Henry St,40.6828003,-73.99990419,"40.6828003,-73.99990419",Carroll Gardens,11231,NY,Brooklyn
535,3 Ave & 14 St,40.6685455,-73.99333264,"40.6685455,-73.99333264",Gowanus,11215,NY,Brooklyn
536,Clinton St & 4 Place,40.6783563,-74.00014502,"40.6783563,-74.00014502",Carroll Gardens,11231,NY,Brooklyn
537,Court St & Nelson St,40.6763947,-73.99869893,"40.6763947,-73.99869893",Carroll Gardens,11231,NY,Brooklyn
538,E 89 St & York Ave,40.7779453,-73.94604100000001,"40.7779453,-73.946041",Yorkville,10128,NY,Manhattan
539,Henry St & Degraw St,40.684751399999996,-73.99917254,"40.6847514,-73.99917254",Cobble Hill,11231,NY,Brooklyn
540,E 97 St & Madison Ave,40.787801,-73.953559,"40.787801,-73.953559",East Harlem,10029,NY,Manhattan
541,West End Ave & W 107 St,40.8021174,-73.9681805305,"40.8021174,-73.9681805305",Bloomingdale,10025,NY,Manhattan
542,West End Ave & W 94 St,40.7941654,-73.974124,"40.7941654,-73.974124",Upper West Side,10025,NY,Manhattan
543,E 102 St & Park Ave,40.7904828,-73.95033068,"40.7904828,-73.95033068",East Harlem,10029,NY,Manhattan
544,3 Ave & E 100 St,40.787721399999995,-73.94728331,"40.7877214,-73.94728331",East Harlem,10029,NY,Manhattan
545,3 St & 3 Ave,40.675070500000004,-73.98775226,"40.6750705,-73.98775226",Gowanus,11215,NY,Brooklyn
546,Union St & 4 Ave,40.6772744,-73.98282002,"40.6772744,-73.98282002",Park Slope,11215,NY,Brooklyn
547,Commerce St & Van Brunt St,40.681211700000006,-74.00860912,"40.6812117,-74.00860912",Red Hook,11231,NY,Brooklyn
548,Columbus Ave & W 95 St,40.7919557,-73.968087,"40.7919557,-73.968087",Upper West Side,10025,NY,Manhattan
549,Wolcott St & Dwight St,40.6753274,-74.0100698,"40.6753274,-74.0100698",Red Hook,11231,NY,Brooklyn
550,5 Ave & E 93 St,40.785785100000005,-73.957481,"40.7857851,-73.957481",Upper East Side,10128,NY,Manhattan
551,E 89 St & 3 Ave,40.7806284,-73.9521667,"40.7806284,-73.9521667",Yorkville,10128,NY,Manhattan
552,Columbia St & Kane St,40.68763155,-74.0016256,"40.68763155,-74.0016256",Columbia Street Waterfront District,11201,NY,Brooklyn
553,Henry St & W 9 St,40.6763744,-74.00324957,"40.6763744,-74.00324957",Red Hook,11231,NY,Brooklyn
554,Prospect Park West & 8 St,40.66514681533792,-73.97637605667114,"40.6651468153,-73.9763760567",Park Slope,11215,NY,Brooklyn
555,10 St & 7 Ave,40.666207799999995,-73.98199886,"40.6662078,-73.98199886",Park Slope,11215,NY,Brooklyn
556,E 95 St & 3 Ave,40.7849032,-73.950503,"40.7849032,-73.950503",Carnegie Hill,10128,NY,Manhattan
557,Dean St & Hoyt St,40.686444200000004,-73.98759104,"40.6864442,-73.98759104",Boerum Hill,11217,NY,Brooklyn
558,Clinton St & Union St,40.683116399999996,-73.99785267,"40.6831164,-73.99785267",Carroll Gardens,11231,NY,Brooklyn
559,Columbia St & W 9 St,40.6769993,-74.00647134,"40.6769993,-74.00647134",Red Hook,11231,NY,Brooklyn
560,Columbus Ave & W 103 St,40.7969347,-73.9643412291,"40.7969347,-73.9643412291",Upper West Side,10025,NY,Manhattan
561,E 91 St & 2 Ave,40.781122299341654,-73.94965589046478,"40.7811222993,-73.9496558905",Yorkville,10128,NY,Manhattan
562,5 St & 6 Ave,40.670483600000004,-73.98208968,"40.6704836,-73.98208968",Park Slope,11215,NY,Brooklyn
563,W 107 St & Columbus Ave,40.7997568,-73.9621128676,"40.7997568,-73.9621128676",Upper West Side,10025,NY,Manhattan
564,W 95 St & Broadway,40.7937704,-73.971888,"40.7937704,-73.971888",Upper West Side,10025,NY,Manhattan
565,Cathedral Pkwy & Broadway,40.804213,-73.96699104,"40.804213,-73.96699104",Bloomingdale,10025,NY,Manhattan
566,6 St & 7 Ave,40.668662700000006,-73.97988067,"40.6686627,-73.97988067",Park Slope,11215,NY,Brooklyn
567,4 Ave & 9 St,40.6705135,-73.98876585,"40.6705135,-73.98876585",Gowanus,11215,NY,Brooklyn
568,Bond St & Bergen St,40.6849668,-73.98620772,"40.6849668,-73.98620772",Boerum Hill,11217,NY,Brooklyn
569,E 102 St & 1 Ave,40.7869946,-73.94164802,"40.7869946,-73.94164802",East Harlem,10029,NY,Manhattan
570,Wyckoff St & 3 Ave,40.6827549,-73.98258555,"40.6827549,-73.98258555",Boerum Hill,11217,NY,Brooklyn
571,2 Ave & E 105 St,40.7898175,-73.94296109,"40.7898175,-73.94296109",East Harlem,10029,NY,Manhattan
572,Carroll St & 6 Ave,40.6740886,-73.9787282,"40.6740886,-73.9787282",Park Slope,11215,NY,Brooklyn
573,E 110 St & Madison Ave,40.796153499999996,-73.94782145,"40.7961535,-73.94782145",East Harlem,10029,NY,Manhattan
574,Central Park W & W 96 St,40.791270000000004,-73.964839,"40.79127,-73.964839",Central Park,10025,NY,Manhattan
575,Central Park West & W 100 St,40.793393,-73.96355559999999,"40.793393,-73.9635556",Upper West Side,10025,NY,Manhattan
576,Pioneer St & Richards St,40.677774799999995,-74.0094613,"40.6777748,-74.0094613",Red Hook,11231,NY,Brooklyn
577,Baltic St & 5 Ave,40.6795766,-73.97854971,"40.6795766,-73.97854971",Park Slope,11217,NY,Brooklyn
578,Riverside Dr & W 91 St,40.7933718,-73.97685115,"40.7933718,-73.97685115",Upper West Side,10025,NY,Manhattan
579,2 Ave  & E 104 St,40.789210499999996,-73.94370784,"40.7892105,-73.94370784",East Harlem,10029,NY,Manhattan
580,Hoyt St & Warren St,40.6843549,-73.98901629,"40.6843549,-73.98901629",Boerum Hill,11217,NY,Brooklyn
581,Riverside Dr & W 104 St,40.8013434,-73.97114574390001,"40.8013434,-73.9711457439",Bloomingdale,10025,NY,Manhattan
582,W 87 St  & Amsterdam Ave,40.78839,-73.9747,"40.78839,-73.9747",Upper West Side,10024,NY,Manhattan
583,1 Pl & Clinton St,40.6809591,-73.99905709,"40.6809591,-73.99905709",Carroll Gardens,11231,NY,Brooklyn
584,Kane St & Clinton St,40.686175799999994,-73.99645295,"40.6861758,-73.99645295",Cobble Hill,11201,NY,Brooklyn
585,Warren St & Court St,40.686371,-73.99383324,"40.686371,-73.99383324",Boerum Hill,11201,NY,Brooklyn
586,W 104 St & Amsterdam Ave,40.798993700000004,-73.96621737779999,"40.7989937,-73.9662173778",Upper West Side,10025,NY,Manhattan
587,6 Ave & 12 St,40.666318100000005,-73.9854617,"40.6663181,-73.9854617",Park Slope,11215,NY,Brooklyn
588,E 103 St & Lexington Ave,40.790305100000005,-73.94755757,"40.7903051,-73.94755757",East Harlem,10029,NY,Manhattan
589,Central Park West & W 102 St,40.795346,-73.96186,"40.795346,-73.96186",Central Park,10025,NY,Manhattan
590,Congress St & Clinton St,40.6881529,-73.99520919,"40.6881529,-73.99520919",Cobble Hill,11201,NY,Brooklyn
591,Clinton St & Centre St,40.67434,-74.00194698,"40.67434,-74.00194698",Red Hook,11231,NY,Brooklyn
592,E 109 St & 3 Ave,40.79329668,-73.9432083,"40.79329668,-73.9432083",East Harlem,10029,NY,Manhattan
593,Smith St & 9 St,40.67469570000001,-73.99785768,"40.6746957,-73.99785768",Carroll Gardens,11231,NY,Brooklyn
594,Henry St & Bay St,40.672505799999996,-74.00494695,"40.6725058,-74.00494695",Red Hook,11231,NY,Brooklyn
595,E 106 St & Madison Ave,40.79343370000001,-73.94945003,"40.7934337,-73.94945003",East Harlem,10029,NY,Manhattan
596,Madison Ave & E 99 St,40.78948541553215,-73.9524292945862,"40.7894854155,-73.9524292946",East Harlem,10029,NY,Manhattan
597,Berkeley Pl & 6 Ave,40.6765304,-73.97846879,"40.6765304,-73.97846879",Park Slope,11217,NY,Brooklyn
598,E 88 St & Park Ave,40.781410700190015,-73.95595908164978,"40.7814107002,-73.9559590816",Carnegie Hill,10128,NY,Manhattan
599,5 Ave & 3 St,40.672815500000006,-73.98352355,"40.6728155,-73.98352355",Park Slope,11215,NY,Brooklyn
600,1 Ave & E 94 St,40.78172120000001,-73.94594000000001,"40.7817212,-73.94594",Yorkville,10128,NY,Manhattan
601,Carroll St & 5 Ave,40.6751622,-73.9814832,"40.6751622,-73.9814832",Park Slope,11215,NY,Brooklyn
602,Butler St & Court St,40.6849894,-73.99440329,"40.6849894,-73.99440329",Carroll Gardens,11231,NY,Brooklyn
603,Degraw St & Smith St,40.6829151,-73.99318208,"40.6829151,-73.99318208",Carroll Gardens,11231,NY,Brooklyn
604,Richards St & Delavan St,40.67943270000001,-74.00785041,"40.6794327,-74.00785041",Red Hook,11231,NY,Brooklyn
605,Carroll St & Columbia St,40.6830456,-74.00348559,"40.6830456,-74.00348559",Columbia Street Waterfront District,11231,NY,Brooklyn
606,Columbia St & Degraw St,40.6859296,-74.00242364,"40.6859296,-74.00242364",Columbia Street Waterfront District,11201,NY,Brooklyn
607,E 88 St & 1 Ave,40.778301,-73.9488134,"40.778301,-73.9488134",Yorkville,10128,NY,Manhattan
608,W 106 St & Central Park West,40.798185600000004,-73.96059090060001,"40.7981856,-73.9605909006",Upper West Side,10025,NY,Manhattan
609,12 St & 4 Ave,40.668603000000004,-73.99043940000001,"40.668603,-73.9904394",Gowanus,11215,NY,Brooklyn
610,W 100 St & Broadway,40.797372100000004,-73.97041192,"40.7973721,-73.97041192",Bloomingdale,10025,NY,Manhattan
611,Douglass St & 4 Ave,40.67927879999999,-73.98154004,"40.6792788,-73.98154004",Park Slope,11217,NY,Brooklyn
612,10 St & 5 Ave,40.6686273,-73.98700053,"40.6686273,-73.98700053",Park Slope,11215,NY,Brooklyn
613,2 Ave & 9 St,40.6724811,-73.99331394,"40.6724811,-73.99331394",Gowanus,11215,NY,Brooklyn
614,E 106 St & 1 Ave,40.7892529,-73.93956237,"40.7892529,-73.93956237",East Harlem,10029,NY,Manhattan
615,Columbia St & Lorraine St,40.6747055,-74.00755720000001,"40.6747055,-74.0075572",Red Hook,11231,NY,Brooklyn
616,Reed St & Van Brunt St,40.6747844,-74.01612847,"40.6747844,-74.01612847",Red Hook,11231,NY,Brooklyn
617,E 97 St & 3 Ave,40.7859201,-73.94860294,"40.7859201,-73.94860294",East Harlem,10029,NY,Manhattan
618,E 91 St & Park Ave,40.7835016,-73.955327,"40.7835016,-73.955327",Carnegie Hill,10128,NY,Manhattan
619,W 90 St & Amsterdam Ave,40.79017948095081,-73.97288918495178,"40.790179481,-73.972889185",Upper West Side,10024,NY,Manhattan
620,Court St & State St,40.6902375,-73.99203074,"40.6902375,-73.99203074",Downtown Brooklyn,11201,NY,Brooklyn
621,Carroll St & Smith St,40.680611,-73.99475825,"40.680611,-73.99475825",Carroll Gardens,11231,NY,Brooklyn
622,W 106 St & Amsterdam Ave,40.80083629999999,-73.9664492472,"40.8008363,-73.9664492472",Bloomingdale,10025,NY,Manhattan
623,6 Ave & 9 St,40.668127,-73.98377641,"40.668127,-73.98377641",Park Slope,11215,NY,Brooklyn
624,Prospect Pl & 6 Ave,40.6793307,-73.97519523,"40.6793307,-73.97519523",Park Slope,11217,NY,Brooklyn
625,Douglass St & 3 Ave,40.6802133,-73.98432695,"40.6802133,-73.98432695",Gowanus,11217,NY,Brooklyn
626,5 Ave & E 103 St,40.792255299999994,-73.95249933,"40.7922553,-73.95249933",East Harlem,10029,NY,Manhattan
627,W 87 St & West End Ave,40.790261,-73.977131,"40.790261,-73.977131",Upper West Side,10024,NY,Manhattan
628,7 Ave & Park Pl,40.67761470000001,-73.97324283,"40.6776147,-73.97324283",Park Slope,11217,NY,Brooklyn
629,5 Ave & E 88 St,40.78307,-73.95939,"40.78307,-73.95939",Upper East Side,10128,NY,Manhattan
630,7 St & 5 Ave,40.670492200000005,-73.98541675,"40.6704922,-73.98541675",Park Slope,11215,NY,Brooklyn
631,14 St & 7 Ave,40.663779,-73.98396846,"40.663779,-73.98396846",Park Slope,11215,NY,Brooklyn
632,Central Park North & Adam Clayton Powell Blvd,40.799484,-73.955613,"40.799484,-73.955613",Central Park,10026,NY,Manhattan
633,3 St & 7 Ave,40.67038370000001,-73.97839676,"40.6703837,-73.97839676",Park Slope,11215,NY,Brooklyn
634,Grand St & Elizabeth St,40.718821999999996,-73.99596,"40.718822,-73.99596",Chinatown,10013,NY,Manhattan
635,78 St & 2 Ave,40.7727966,-73.95577801,"40.7727966,-73.95577801",Upper East Side,10075,NY,Manhattan
636,E 106 St & Lexington Ave,40.791976,-73.945993,"40.791976,-73.945993",East Harlem,10029,NY,Manhattan
637,3 St & Prospect Park West,40.668132,-73.97363831,"40.668132,-73.97363831",Park Slope,11215,NY,Brooklyn
638,Pacific St & Nevins St,40.6853761,-73.98302136,"40.6853761,-73.98302136",Boerum Hill,11217,NY,Brooklyn
639,Smith St & 3 St,40.678724200000005,-73.99599099,"40.6787242,-73.99599099",Carroll Gardens,11231,NY,Brooklyn
640,Bike in Movie Night | Prospect Park Bandshell,40.662987,-73.97691800000001,"40.662987,-73.976918",Prospect Park,11215,NY,Brooklyn
641,Grand Army Plaza & Plaza St West,40.6729679,-73.97087984,"40.6729679,-73.97087984",Park Slope,11238,NY,Brooklyn
642,Plaza St West & Flatbush Ave,40.675020700000005,-73.97111473,"40.6750207,-73.97111473",Park Slope,11238,NY,Brooklyn
643,E 66 St & Madison Ave,40.768008893059466,-73.96845281124116,"40.7680088931,-73.9684528112",Lenox Hill,10065,NY,Manhattan
644,Bergen St & Smith St,40.686744299999994,-73.99063168,"40.6867443,-73.99063168",Boerum Hill,11201,NY,Brooklyn
645,W 92 St & Broadway,40.7921,-73.9739,"40.7921,-73.9739",Upper West Side,10025,NY,Manhattan
646,Amsterdam Ave & W 79 St,40.7829391,-73.9786517,"40.7829391,-73.9786517",Upper West Side,10024,NY,Manhattan
647,Amsterdam Ave & W 66 St,40.7746671,-73.98470567,"40.7746671,-73.98470567",Lincoln Square,10023,NY,Manhattan
648,Greenwich St & Hubert St,40.721319,-74.010065,"40.721319,-74.010065",Tribeca,10013,NY,Manhattan
649,E 65 St & 2 Ave,40.76471851944339,-73.96222069859505,"40.7647185194,-73.9622206986",Lenox Hill,10065,NY,Manhattan
650,Madison Ave & E 82 St,40.7781314,-73.96069399,"40.7781314,-73.96069399",Upper East Side,10028,NY,Manhattan
651,14 St & 5 Ave,40.666287,-73.98895053,"40.666287,-73.98895053",Park Slope,11215,NY,Brooklyn
652,Degraw St & Hoyt St,40.68199044270703,-73.99079024791719,"40.6819904427,-73.9907902479",Gowanus,11217,NY,Brooklyn
653,3 Ave & E 72 St,40.7699426,-73.96060712,"40.7699426,-73.96060712",Lenox Hill,10021,NY,Manhattan
654,Garfield Pl & 8 Ave,40.671197799999995,-73.97484126,"40.6711978,-73.97484126",Park Slope,11215,NY,Brooklyn
655,E 74 St & 1 Ave,40.7689738,-73.95482273,"40.7689738,-73.95482273",Lenox Hill,10021,NY,Manhattan
656,West Drive & Prospect Park West,40.6610633719006,-73.97945255041121,"40.6610633719,-73.9794525504",Park Slope,11215,NY,Brooklyn
657,E 68 St & Madison Ave,40.7691572,-73.96703464,"40.7691572,-73.96703464",Lenox Hill,10065,NY,Manhattan
658,W 89 St & Columbus Ave,40.7882213,-73.97041561,"40.7882213,-73.97041561",Upper West Side,10024,NY,Manhattan
659,Van Brunt St & Wolcott St,40.6773429,-74.01275056,"40.6773429,-74.01275056",Red Hook,11231,NY,Brooklyn
660,W 88 St & West End Ave,40.790254173304184,-73.97718340158461,"40.7902541733,-73.9771834016",Upper West Side,10024,NY,Manhattan
661,8 Ave & W 16 St,40.740983,-74.00170200000001,"40.740983,-74.001702",Chelsea,10011,NY,Manhattan
662,Carroll St & Bond St,40.6786115,-73.99037292,"40.6786115,-73.99037292",Gowanus,11231,NY,Brooklyn
663,7 St & 3 Ave,40.67260298150126,-73.98983001708984,"40.6726029815,-73.9898300171",Gowanus,11215,NY,Brooklyn
664,Coffey St & Conover St,40.677236,-74.015665,"40.677236,-74.015665",Red Hook,11231,NY,Brooklyn
665,E 76 St & Park Ave,40.773763,-73.96222088,"40.773763,-73.96222088",Lenox Hill,10021,NY,Manhattan
666,3 St & Hoyt St,40.6777287,-73.99364123,"40.6777287,-73.99364123",Gowanus,11231,NY,Brooklyn
667,Bergen St & Flatbush Ave,40.680944723477296,-73.97567331790923,"40.6809447235,-73.9756733179",Park Slope,11217,NY,Brooklyn
668,W 100 St & Manhattan Ave,40.795,-73.9645,"40.795,-73.9645",Upper West Side,10025,NY,Manhattan
669,E 35 St & 3 Ave,40.746524,-73.977885,"40.746524,-73.977885",Murray Hill,10016,NY,Manhattan
670,2 Ave & E 99 St,40.786258600000004,-73.94552579,"40.7862586,-73.94552579",East Harlem,10029,NY,Manhattan
671,Hanson Pl & Ashland Pl,40.68506807308177,-73.97790759801863,"40.6850680731,-73.977907598",Fort Greene,11217,NY,Brooklyn
672,Pioneer St & Van Brunt St,40.679043,-74.011169,"40.679043,-74.011169",Red Hook,11231,NY,Brooklyn
673,Richardson St & N Henry St,40.71907891179564,-73.94223690032959,"40.7190789118,-73.9422369003",Williamsburg,11222,NY,Brooklyn
674,Union St & Nevins St,40.67909799721684,-73.98765474557877,"40.6790979972,-73.9876547456",Gowanus,11215,NY,Brooklyn
675,E 78 St & 2 Ave,40.7727966,-73.95577801,"40.7727966,-73.95577801",Upper East Side,10075,NY,Manhattan
676,Berkeley Pl & 7 Ave,40.675146838709786,-73.9752320945263,"40.6751468387,-73.9752320945",Park Slope,11217,NY,Brooklyn
677,Fulton St & Adams St,40.692418292578466,-73.98949474096298,"40.6924182926,-73.989494741",Downtown Brooklyn,11201,NY,Brooklyn
678,E 76 St & 3 Ave,40.772248537721744,-73.95842134952545,"40.7722485377,-73.9584213495",Lenox Hill,10075,NY,Manhattan
679,Bressler,40.646538367096475,-74.0165877342224,"40.6465383671,-74.0165877342",Sunset Park,11232,NY,Brooklyn
681,4 Ave & 2 St,40.674613422475815,-73.98501142859459,"40.6746134225,-73.9850114286",Park Slope,11215,NY,Brooklyn
